{"eval_loss": 0.3058990240097046, "eval_model_preparation_time": 0.0016, "eval_accuracy": 0.8898597955703735, "eval_runtime": 4.4162, "eval_samples_per_second": 2228.599, "eval_steps_per_second": 278.745}