{"sane": true, "normalizes": true, "range": true, "log_prob": -944.7709350585938, "avg_log_prob": -1.8895418701171875, "perplexity": 6.616336844985315}