{"eval_loss": 0.23242169618606567, "eval_accuracy": 0.8898597955703735, "eval_runtime": 7.025, "eval_samples_per_second": 1401.001, "eval_steps_per_second": 175.232, "epoch": 3.0}