{"eval_loss": 0.08572737127542496, "eval_accuracy": 0.8870148062705994, "eval_runtime": 6.9802, "eval_samples_per_second": 1409.982, "eval_steps_per_second": 176.355, "epoch": 3.0}