{"eval_loss": 0.30984312295913696, "eval_model_preparation_time": 0.0016, "eval_accuracy": 0.8870148062705994, "eval_runtime": 4.4052, "eval_samples_per_second": 2234.155, "eval_steps_per_second": 279.44}