{"eval_loss": 0.3066805303096771, "eval_model_preparation_time": 0.0015, "eval_accuracy": 0.8908758163452148, "eval_runtime": 4.389, "eval_samples_per_second": 2242.413, "eval_steps_per_second": 280.473}