{"eval_loss": 0.18369470536708832, "eval_accuracy": 0.8908758163452148, "eval_runtime": 7.284, "eval_samples_per_second": 1351.183, "eval_steps_per_second": 169.001, "epoch": 3.0}