{"eval_loss": 0.29973843693733215, "eval_accuracy": 0.8968705534934998, "eval_runtime": 4.4792, "eval_samples_per_second": 2197.291, "eval_steps_per_second": 274.829, "epoch": 3.0}