{"eval_loss": 0.29973843693733215, "eval_model_preparation_time": 0.0015, "eval_accuracy": 0.8968705534934998, "eval_runtime": 4.5195, "eval_samples_per_second": 2177.677, "eval_steps_per_second": 272.376}