{"eval_loss": 0.3000859022140503, "eval_accuracy": 0.8940256237983704, "eval_runtime": 4.1569, "eval_samples_per_second": 2367.625, "eval_steps_per_second": 296.134, "epoch": 3.0}