{"eval_loss": 0.3000859022140503, "eval_model_preparation_time": 0.0027, "eval_accuracy": 0.8940256237983704, "eval_runtime": 4.2629, "eval_samples_per_second": 2308.772, "eval_steps_per_second": 288.772}